Timestamp,Mode,TargetUrl,Concurrency,TotalReqs,SuccessReqs,FailedReqs,TotalTimeSec,RPS,MinLatencyMs,AvgLatencyMs,P50Ms,P95Ms,P99Ms,MaxLatencyMs
2026-10-06 09:15:20,"Mode 1 (Iterative Single-Thread)","http://localhost:8080/api/delay?ms=100",50,500,500,0,51.02,9.80,102,2540.50,2500,4900,5050,5100
2026-10-06 09:20:45,"Mode 2 (Thread-per-Connection)","http://localhost:8080/api/delay?ms=100",100,1000,1000,0,3.62,276.24,103,142.10,125,280,310,335
2026-10-06 09:25:12,"Mode 3 (Worker Thread Pool)","http://localhost:8080/api/delay?ms=100",100,1000,1000,0,6.58,151.98,104,215.30,195,470,490,510
2026-10-06 09:30:05,"Mode 4 (Virtual Threads Loom)","http://localhost:8080/api/delay?ms=100",1000,3000,3000,0,2.68,1119.40,101,72.40,68,95,110,125
2026-10-06 09:35:50,"Mode 5 (Custom Thread Pool)","http://localhost:8080/api/delay?ms=100",100,1000,1000,0,6.75,148.15,105,224.80,205,485,502,518
2026-10-06 10:58:57,"Current Server Mode","http://localhost:8080/api/delay?ms=50",20,100,100,0,0.67,149.30,76,125.90,96,255,256,256
2026-10-06 11:41:43,"Current Server Mode","http://localhost:8080/api/delay?ms=100",500,1000,1000,0,7.24,138.19,405,2730.33,3387,3864,4145,4285
2026-10-06 11:41:56,"Current Server Mode","http://localhost:8080/api/delay?ms=100",500,1000,1000,0,7.31,136.81,573,2762.29,3388,3868,4195,4305
2026-10-06 11:42:07,"Current Server Mode","http://localhost:8080/api/delay?ms=100",500,1000,1000,0,7.24,138.15,417,2736.92,3391,3973,4304,4412
2026-10-06 11:47:22,"Mode 3 (Worker Thread Pool Server (Enterprise Standard))","http://localhost:8080/api/delay?ms=100",500,1000,1000,0,7.14,140.02,284,2701.59,3359,4241,4588,4680
2026-10-06 11:48:18,"Mode 3 (Worker Thread Pool Server (Enterprise Standard))","http://localhost:8080/api/delay?ms=100",500,1000,1000,0,7.17,139.56,273,2695.69,3385,3929,4256,4351
2026-10-06 11:48:35,"Mode 3 (Worker Thread Pool Server (Enterprise Standard))","http://localhost:8080/api/delay?ms=100",500,1000,1000,0,7.09,140.98,219,2607.80,3367,3631,3907,4008
2026-10-06 11:48:52,"Mode 3 (Worker Thread Pool Server (Enterprise Standard))","http://localhost:8080/api/delay?ms=100",500,1000,1000,0,6.96,143.62,186,2554.24,3340,3723,4034,4141
2026-10-06 11:49:13,"Mode 3 (Worker Thread Pool Server (Enterprise Standard))","http://localhost:8080/api/delay?ms=100",500,1000,1000,0,6.84,146.13,214,2419.39,2891,3365,3377,3386
2026-10-06 11:53:10,"Mode 3 (Worker Thread Pool Server (Enterprise Standard))","http://localhost:8080/api/delay?ms=100",500,2000,2000,0,14.02,142.65,213,3060.07,3404,3597,4285,4488
2026-10-06 11:53:30,"Mode 3 (Worker Thread Pool Server (Enterprise Standard))","http://localhost:8080/api/delay?ms=100",500,2000,2000,0,14.02,142.65,318,3063.94,3413,3589,4278,4465
2026-10-06 11:54:13,"Mode 4 (Java 21 Virtual Threads (Project Loom))","http://localhost:8080/api/delay?ms=100",500,2000,2000,0,4.17,479.87,121,393.91,150,1325,1632,1671
2026-10-06 11:54:25,"Mode 4 (Java 21 Virtual Threads (Project Loom))","http://localhost:8080/api/delay?ms=100",500,2000,2000,0,3.85,519.71,118,376.58,145,1201,1529,1647
2026-10-06 14:57:32,"Mode 5 (Custom Thread Pool Server (Self-implemented Pool))","http://localhost:8080/api/delay?ms=100",500,2000,2000,0,14.84,134.80,383,3061.92,3267,3832,4399,4526
